,ชื่อ,สถานะการจอง
0,Ronald Rodriguez,ยกเลิก
1,Barbara Petty,ยกเลิก
2,Tammie Watson,ไม่ยกเลิก
3,Katrina Finley,ไม่ยกเลิก
4,Alexis Arroyo,ไม่ยกเลิก
5,Christopher Henry,ยกเลิก
6,Jamie Brown,ยกเลิก
7,Jennifer Murphy,ไม่ยกเลิก
8,Thomas Scott,ยกเลิก
9,Brandy Hess,ยกเลิก
10,Kiara Cunningham,ไม่ยกเลิก
11,Dr. Joseph Young,ไม่ยกเลิก
12,Amy Alvarez,ไม่ยกเลิก
13,Michael French,ยกเลิก
14,Shannon Mccarthy,ไม่ยกเลิก
15,Robert Nielsen,ยกเลิก
16,Laura Frank,ยกเลิก
17,Shelby Daniels,ยกเลิก
18,Shawn Thompson,ยกเลิก
19,Gloria Ali,ไม่ยกเลิก
20,Cameron Reed,ยกเลิก
21,Nancy Stewart,ยกเลิก
22,Chad Ochoa,ไม่ยกเลิก
23,Kimberly Rivera,ไม่ยกเลิก
24,Sandra Anderson,ไม่ยกเลิก
25,Janet Cook,ยกเลิก
26,Thomas Baker,ไม่ยกเลิก
27,Meagan Reese,ไม่ยกเลิก
28,Vanessa Gray,ไม่ยกเลิก
29,Krystal Torres,ไม่ยกเลิก
30,Cindy Moore,ยกเลิก
31,Sheila Juarez,ยกเลิก
32,Sandra Davis,ไม่ยกเลิก
33,Joshua Underwood,ยกเลิก
34,Douglas Morales Jr.,ยกเลิก
35,Christopher Hammond,ไม่ยกเลิก
36,Sarah Gilbert,ไม่ยกเลิก
37,Megan Carter,ยกเลิก
38,Richard Gilbert,ยกเลิก
39,Robert Stewart,ยกเลิก
40,Morgan Hall,ยกเลิก
41,Mike Rios,ยกเลิก
42,Carl Jones,ยกเลิก
43,Jason Merritt,ยกเลิก
44,Scott Browning,ยกเลิก
45,Jamie Randall,ไม่ยกเลิก
46,Dennis Cochran,ยกเลิก
47,Anthony Butler,ไม่ยกเลิก
48,Johnny Morris,ยกเลิก
49,Shannon Garcia,ยกเลิก
50,Jamie Kim,ไม่ยกเลิก
51,Rachel Roberts,ยกเลิก
52,Timothy Smith,ไม่ยกเลิก
53,Charles Petersen,ไม่ยกเลิก
54,Kerri Coleman,ไม่ยกเลิก
55,Stacey Barker,ไม่ยกเลิก
56,Ashley Braun,ยกเลิก
57,Justin Palmer,ยกเลิก
58,Christopher Riddle,ยกเลิก
59,Kimberly Rivera,ยกเลิก
60,Rebecca Collins,ไม่ยกเลิก
61,Bridget West,ยกเลิก
62,Taylor Cox,ยกเลิก
63,John Newton,ยกเลิก
64,Elizabeth Thomas,ยกเลิก
65,Billy Rodriguez,ยกเลิก
66,Kevin Jones,ยกเลิก
67,Sierra Cuevas,ยกเลิก
68,Jill Clark,ยกเลิก
69,Erika Maldonado,ไม่ยกเลิก
70,Frederick Wiggins,ยกเลิก
71,Lori Austin,ยกเลิก
72,Melissa Holmes,ยกเลิก
73,Susan Brennan,ยกเลิก
74,Sarah Peterson,ยกเลิก
75,Jeremy Carroll,ไม่ยกเลิก
76,Melissa Stewart,ยกเลิก
77,Deborah Hamilton,ไม่ยกเลิก
78,Brooke Fowler,ยกเลิก
79,Jason Stewart,ไม่ยกเลิก
80,Jessica Mckenzie,ไม่ยกเลิก
81,Amanda Davis,ไม่ยกเลิก
82,Brandon Johnson,ไม่ยกเลิก
83,Sarah Wright,ไม่ยกเลิก
84,Jennifer Reyes,ยกเลิก
85,Tammy Estrada,ไม่ยกเลิก
86,Thomas Rivera,ไม่ยกเลิก
87,Jeffrey Flores,ไม่ยกเลิก
88,Dawn Keller,ยกเลิก
89,Michael Parks,ยกเลิก
90,Joseph Hampton,ยกเลิก
91,Peter Miller,ไม่ยกเลิก
92,Tracy Mckinney,ยกเลิก
93,Bridget Lee,ยกเลิก
94,Peggy Evans,ไม่ยกเลิก
95,Christina Jordan,ยกเลิก
96,Adam Eaton,ยกเลิก
97,Caitlyn Davidson,ยกเลิก
98,Kelly Cortez,ไม่ยกเลิก
99,Charles Thornton,ยกเลิก
100,Samantha Ferguson,ไม่ยกเลิก
101,Michael Anderson,ยกเลิก
102,Adrian Thomas,ไม่ยกเลิก
103,Charles Cruz,ยกเลิก
104,Brandon Lee,ยกเลิก
105,Dylan Nguyen,ไม่ยกเลิก
106,Wendy Trujillo,ยกเลิก
107,Timothy Nixon,ยกเลิก
108,Susan Torres,ยกเลิก
109,Joshua Simmons,ยกเลิก
110,Alec Barnes,ยกเลิก
111,Tony Stewart,ยกเลิก
112,Ashley Duncan,ไม่ยกเลิก
113,Shelby Gordon,ไม่ยกเลิก
114,Ryan Barrera,ไม่ยกเลิก
115,Lisa Dalton,ไม่ยกเลิก
116,David Williams,ยกเลิก
117,Frank Jackson,ไม่ยกเลิก
118,Kyle Bradford,ยกเลิก
119,Joel Flowers,ยกเลิก
120,George Kemp,ยกเลิก
121,Julian Moody,ยกเลิก
122,Suzanne Willis,ไม่ยกเลิก
123,Nathan Williams,ยกเลิก
124,Calvin Collins PhD,ไม่ยกเลิก
125,Maria Baldwin,ยกเลิก
126,Kendra Harmon,ยกเลิก
127,Jeanne Kennedy,ยกเลิก
128,Gilbert Williamson,ไม่ยกเลิก
129,Carlos Bishop,ไม่ยกเลิก
130,Elizabeth Zamora,ไม่ยกเลิก
131,Nicole Nguyen,ยกเลิก
132,Charles Smith,ยกเลิก
133,Bradley Brown,ไม่ยกเลิก
134,Lisa Franco,ยกเลิก
135,Emily Brown,ยกเลิก
136,Tamara Rodriguez,ยกเลิก
137,Sherry Watson,ยกเลิก
138,Kyle Smith,ยกเลิก
139,Deanna Leonard,ไม่ยกเลิก
140,Patrick Preston,ยกเลิก
141,Ashley Park,ไม่ยกเลิก
142,Alex Harrington,ยกเลิก
143,Spencer Dominguez,ยกเลิก
144,Betty Merritt MD,ไม่ยกเลิก
145,Brandy Reynolds,ไม่ยกเลิก
146,Alexander Waller,ยกเลิก
147,Edward Harper,ไม่ยกเลิก
148,William Cochran,ไม่ยกเลิก
149,Christopher Davis,ยกเลิก
150,Gregory Lee,ไม่ยกเลิก
151,Lori Torres,ยกเลิก
152,Rebecca Farmer,ยกเลิก
153,Tara Wilcox,ยกเลิก
154,Sarah Carr,ยกเลิก
155,Courtney Jones,ไม่ยกเลิก
156,Kimberly Smith,ยกเลิก
157,Thomas Kelly,ยกเลิก
158,Benjamin Cole,ยกเลิก
159,Cameron Wagner,ไม่ยกเลิก
160,Thomas Howell,ยกเลิก
161,Leah Liu,ยกเลิก
162,Lori King,ยกเลิก
163,Randy Garner,ยกเลิก
164,Courtney Lucas,ยกเลิก
165,Cheryl Smith,ยกเลิก
166,Mary Harrington,ไม่ยกเลิก
167,Cody Vasquez,ยกเลิก
168,Lori Wood,ยกเลิก
169,Susan Richards,ยกเลิก
170,Matthew Grant,ไม่ยกเลิก
171,Melissa Rodgers,ยกเลิก
172,Derrick Lyons,ไม่ยกเลิก
173,Teresa Rodriguez,ไม่ยกเลิก
174,Amanda Lane,ยกเลิก
175,Faith Thompson,ยกเลิก
176,Chelsea Davenport,ไม่ยกเลิก
177,Shannon Scott,ยกเลิก
178,Mary Cross,ไม่ยกเลิก
179,Sara Williams,ยกเลิก
180,Angel Osborne,ยกเลิก
181,Thomas Merritt,ไม่ยกเลิก
182,Shannon Fernandez,ไม่ยกเลิก
183,Laura Cummings,ยกเลิก
184,Manuel Tucker,ยกเลิก
185,Timothy Richardson,ยกเลิก
186,Jeffrey Bell,ยกเลิก
187,Megan Martinez,ไม่ยกเลิก
188,Paul Smith Jr.,ยกเลิก
189,Ana Adams,ยกเลิก
190,Joseph Johnson,ยกเลิก
191,Christina Long,ไม่ยกเลิก
192,Paul Gonzalez,ยกเลิก
193,Kimberly Meyer,ไม่ยกเลิก
194,James Wallace,ไม่ยกเลิก
195,Monique Miller,ยกเลิก
196,James Stewart,ไม่ยกเลิก
197,Amanda Pearson,ยกเลิก
198,Kyle Davidson,ไม่ยกเลิก
199,Lauren Meyer,ไม่ยกเลิก
200,Joshua Williams,ไม่ยกเลิก
201,Peter Harris,ไม่ยกเลิก
202,Megan Bean,ไม่ยกเลิก
203,Marcus Lyons,ยกเลิก
204,Stacy Reilly,ไม่ยกเลิก
205,Phillip Wright,ยกเลิก
206,Zachary Peterson,ไม่ยกเลิก
207,Allison Pittman,ยกเลิก
208,Phillip Gomez,ยกเลิก
209,Keith Ramirez,ยกเลิก
210,Eric Norton,ยกเลิก
211,Mrs. Nancy Woods DDS,ไม่ยกเลิก
212,Jeff Bates,ยกเลิก
213,Kelly Craig,ไม่ยกเลิก
214,Nicholas Richardson,ไม่ยกเลิก
215,Martha Miller,ไม่ยกเลิก
216,Charles Fletcher,ยกเลิก
217,Tonya Gonzalez MD,ยกเลิก
218,Kyle Berry,ไม่ยกเลิก
219,Sheryl Barrett,ไม่ยกเลิก
220,Jeffrey Chavez,ยกเลิก
221,Dennis Gomez,ไม่ยกเลิก
222,Colleen Lane,ไม่ยกเลิก
223,Jennifer Sanchez,ไม่ยกเลิก
224,John Collins,ไม่ยกเลิก
225,Laurie Perez,ไม่ยกเลิก
226,Victoria Wilson,ยกเลิก
227,Gary Pham,ยกเลิก
228,Jonathan Nguyen,ยกเลิก
229,Gabriel Sawyer,ยกเลิก
230,Dawn Baker,ไม่ยกเลิก
231,Tina Gutierrez,ไม่ยกเลิก
232,Michelle Miller,ยกเลิก
233,Victoria Mack,ยกเลิก
234,Dustin Lane,ยกเลิก
235,Michael Lawrence,ไม่ยกเลิก
236,Jeffrey Jones,ไม่ยกเลิก
237,Zachary Chavez,ยกเลิก
238,John Hall,ไม่ยกเลิก
239,Walter Miranda,ยกเลิก
240,Jack Hicks,ยกเลิก
241,Amanda Cobb,ไม่ยกเลิก
242,Elizabeth Cruz,ยกเลิก
243,Gregory Elliott,ยกเลิก
244,Jennifer Craig,ยกเลิก
245,Thomas Gutierrez,ยกเลิก
246,Katherine Beck,ไม่ยกเลิก
247,Timothy Peterson,ยกเลิก
248,Kevin Smith,ไม่ยกเลิก
249,William Fisher,ยกเลิก
250,Mary Holland,ยกเลิก
251,Cheyenne Smith,ยกเลิก
252,Misty Guerrero,ยกเลิก
253,Daniel Baker,ไม่ยกเลิก
254,Joshua Anderson,ไม่ยกเลิก
255,Bryan Henderson,ยกเลิก
256,Barry Weaver,ไม่ยกเลิก
257,Dr. William Sloan,ยกเลิก
258,Frank Khan,ไม่ยกเลิก
259,Jacob Taylor,ไม่ยกเลิก
260,Lori Alvarez,ไม่ยกเลิก
261,Ashley Hartman,ยกเลิก
262,Mrs. Holly Terry,ไม่ยกเลิก
263,Matthew Wright,ยกเลิก
264,Kelsey Baker,ยกเลิก
265,Keith Ray,ไม่ยกเลิก
266,Alexis Richmond,ยกเลิก
267,Jason Crawford,ยกเลิก
268,Tiffany Reed,ยกเลิก
269,Dominique Mills,ยกเลิก
270,Steven Perez,ยกเลิก
271,James Walker,ยกเลิก
272,Tammy Davis,ยกเลิก
273,Hannah Anderson,ไม่ยกเลิก
274,Ralph Lawrence,ยกเลิก
275,Sarah Ramos,ไม่ยกเลิก
276,Dr. Vicki Lopez,ไม่ยกเลิก
277,Brian Francis,ยกเลิก
278,Robert West,ยกเลิก
279,Thomas Miranda,ยกเลิก
280,Bonnie Roberson,ยกเลิก
281,Tina Hanson,ยกเลิก
282,Danielle Charles,ยกเลิก
283,Garrett Smith,ยกเลิก
284,Brian Hughes,ยกเลิก
285,Jennifer Davis,ยกเลิก
286,Cheryl Oconnor,ยกเลิก
287,Mary Lutz,ยกเลิก
288,Troy Stevens,ไม่ยกเลิก
289,Michelle Mosley,ยกเลิก
290,Calvin Christian,ไม่ยกเลิก
291,Robert Edwards,ยกเลิก
292,Jessica Logan,ไม่ยกเลิก
293,Nicole Stephens,ยกเลิก
294,Jeffrey Martinez,ไม่ยกเลิก
295,Joseph Clark,ยกเลิก
296,Kelsey Walker,ยกเลิก
297,Julie Robinson,ไม่ยกเลิก
298,Monica Wood,ยกเลิก
299,Deanna Collier,ยกเลิก
300,Wesley Jenkins,ยกเลิก
301,Kathleen Chan,ยกเลิก
302,Anthony Baker,ยกเลิก
303,Danielle Martin,ยกเลิก
304,Dr. Lisa Hess,ไม่ยกเลิก
305,Matthew Riley,ยกเลิก
306,Philip Gibson,ยกเลิก
307,David Hoffman,ไม่ยกเลิก
308,Amanda Allen,ไม่ยกเลิก
309,Kelly Cruz,ไม่ยกเลิก
310,Karen Sanders,ยกเลิก
311,Austin Harris MD,ไม่ยกเลิก
312,Jacob Lee,ไม่ยกเลิก
313,James Strickland,ยกเลิก
314,Denise Villarreal,ยกเลิก
315,Chad Robinson,ยกเลิก
316,Daniel Moore,ยกเลิก
317,Caleb Burton,ยกเลิก
318,William Guerrero,ยกเลิก
319,Kirk Suarez,ยกเลิก
320,Kimberly Dunn,ไม่ยกเลิก
321,Tara Coleman,ยกเลิก
322,Paul Calhoun,ไม่ยกเลิก
323,Jessica Mcdaniel,ยกเลิก
324,Alyssa Rivera,ยกเลิก
325,Ryan Anderson,ยกเลิก
326,Frank Gill,ยกเลิก
327,Angela King,ไม่ยกเลิก
328,Sherry Simmons DVM,ยกเลิก
329,Danielle Delacruz,ยกเลิก
330,Mr. Timothy Quinn MD,ยกเลิก
331,Karen Lyons,ไม่ยกเลิก
332,Angelica Davis,ยกเลิก
333,Robin Hill,ยกเลิก
334,Lori Noble,ยกเลิก
335,James Gomez,ไม่ยกเลิก
336,Micheal Watson,ยกเลิก
337,Ricky Torres,ยกเลิก
338,Jacqueline Guerra,ยกเลิก
339,Richard Thompson,ยกเลิก
340,Joshua Callahan,ไม่ยกเลิก
341,Sherri Wilson,ไม่ยกเลิก
342,Monica Gomez,ยกเลิก
343,Tara Fernandez,ยกเลิก
344,Franklin Hammond,ยกเลิก
345,Timothy Glenn,ยกเลิก
346,John Gonzalez,ยกเลิก
347,Kevin Wagner,ไม่ยกเลิก
348,Christina Avery,ยกเลิก
349,Sarah Estrada,ยกเลิก
350,Matthew Owens,ยกเลิก
351,Katherine Brown,ไม่ยกเลิก
352,Robin Fuller,ไม่ยกเลิก
353,Alexa Martinez,ไม่ยกเลิก
354,Alexander Warren,ยกเลิก
355,Matthew Gilbert,ไม่ยกเลิก
356,Steven Nolan,ยกเลิก
357,Dylan Smith,ไม่ยกเลิก
358,John Cunningham,ยกเลิก
359,Eric Carter II,ยกเลิก
360,Mrs. Carol Neal,ยกเลิก
361,John Woodard,ยกเลิก
362,Reginald Oliver,ไม่ยกเลิก
363,John Fleming,ยกเลิก
364,Dominique Joseph,ยกเลิก
365,Crystal Jones,ยกเลิก
366,Phillip Harrell,ยกเลิก
367,Catherine Coleman,ยกเลิก
368,Jesse Gibson,ยกเลิก
369,Melissa Burns,ยกเลิก
370,Amy Turner,ยกเลิก
371,Nicole Garner,ยกเลิก
372,Anthony Howard,ไม่ยกเลิก
373,Heather Ortiz,ไม่ยกเลิก
374,Eric Chase II,ยกเลิก
375,Nicholas Smith,ยกเลิก
376,Cody Lee,ยกเลิก
377,Courtney Brooks,ยกเลิก
378,Michael Williams,ยกเลิก
379,Jason Hernandez,ยกเลิก
380,Janet Hodges,ยกเลิก
381,Melanie Roberts,ยกเลิก
382,Patricia Thomas,ไม่ยกเลิก
383,Justin Smith,ยกเลิก
384,Lauren Hernandez,ยกเลิก
385,Meredith Rosales,ยกเลิก
386,Jessica Rivera,ยกเลิก
387,Sylvia Moore,ยกเลิก
388,Amanda Anderson,ยกเลิก
389,Tim Morris,ไม่ยกเลิก
390,Darrell White,ไม่ยกเลิก
391,Donald Hughes,ยกเลิก
392,Brian Benjamin,ยกเลิก
393,Kent White,ไม่ยกเลิก
394,Taylor Bauer,ยกเลิก
395,Carolyn Mccarty DDS,ไม่ยกเลิก
396,Traci Cox,ยกเลิก
397,John Wilson,ไม่ยกเลิก
398,Stacy Curtis,ยกเลิก
399,Michael Kim,ยกเลิก
400,Amber Kelley,ยกเลิก
401,Jonathan Jones,ไม่ยกเลิก
402,Jenny Baker,ยกเลิก
403,Katherine Holloway,ไม่ยกเลิก
404,Cynthia Morrow,ยกเลิก
405,Jason Costa,ยกเลิก
406,Carrie Barrera DDS,ยกเลิก
407,Jose Garcia,ยกเลิก
408,Susan Holloway,ไม่ยกเลิก
409,Gary Roberts,ยกเลิก
410,Tonya Espinoza,ไม่ยกเลิก
411,Dr. Erik Williams,ยกเลิก
412,Elizabeth Burns,ไม่ยกเลิก
413,Lynn Malone,ไม่ยกเลิก
414,Laura Wright,ยกเลิก
415,Joanna Mora,ยกเลิก
416,Joseph Green,ไม่ยกเลิก
417,Nicole Bautista,ยกเลิก
418,Patricia Smith,ยกเลิก
419,Hannah West,ยกเลิก
420,Susan Leblanc,ยกเลิก
421,David Cummings,ยกเลิก
422,Patrick Vasquez,ยกเลิก
423,Patricia Scott,ไม่ยกเลิก
424,Angela Flores,ไม่ยกเลิก
425,Judy Hall,ไม่ยกเลิก
426,Travis Martinez,ยกเลิก
427,Robert Walker,ยกเลิก
428,Michelle Jordan,ยกเลิก
429,Brittney Bush,ยกเลิก
430,Kathy Monroe,ไม่ยกเลิก
431,Amanda Cooper,ไม่ยกเลิก
432,Kimberly West,ยกเลิก
433,Joanna Holmes,ยกเลิก
434,Raven Fisher,ยกเลิก
435,Kyle Harris,ยกเลิก
436,Dominic Reynolds,ไม่ยกเลิก
437,Michael Ramsey,ไม่ยกเลิก
438,Jose Brown,ยกเลิก
439,George Warner,ยกเลิก
440,Rebecca Nunez,ยกเลิก
441,Stacey Robertson,ยกเลิก
442,Robert Ryan,ยกเลิก
443,Brittany Turner,ยกเลิก
444,Edward Floyd,ยกเลิก
445,Ellen Wong,ยกเลิก
446,Gerald King,ยกเลิก
447,Philip Leonard,ไม่ยกเลิก
448,Amanda Carrillo,ยกเลิก
449,James Cameron,ยกเลิก
450,David Holmes,ยกเลิก
451,Ashley Smith,ยกเลิก
452,Veronica Edwards,ยกเลิก
453,Michael Espinoza,ยกเลิก
454,Mary Schwartz,ไม่ยกเลิก
455,Chris Powell,ไม่ยกเลิก
456,Joseph Adkins,ไม่ยกเลิก
457,Tyler Gibson,ยกเลิก
458,Rhonda Wright,ยกเลิก
459,Roy Cunningham,ไม่ยกเลิก
460,Timothy Ponce,ยกเลิก
461,Scott Campbell,ไม่ยกเลิก
462,Stephanie Stewart,ไม่ยกเลิก
463,Scott Chapman,ยกเลิก
464,Luis Schultz,ยกเลิก
465,Crystal Silva,ยกเลิก
466,Barbara Patrick,ไม่ยกเลิก
467,Hannah Cameron,ยกเลิก
468,Roger Ortiz,ไม่ยกเลิก
469,Nancy Coleman,ยกเลิก
470,Luis Hanson,ยกเลิก
471,Robert Bartlett,ยกเลิก
472,Gregory Thomas,ไม่ยกเลิก
473,John Avery,ไม่ยกเลิก
474,Mary Chambers,ไม่ยกเลิก
475,William Blackwell,ยกเลิก
476,Duane Santiago,ไม่ยกเลิก
477,Brian Baird,ยกเลิก
478,Jonathan Olson,ไม่ยกเลิก
479,Douglas Nunez,ยกเลิก
480,Roberto Griffin,ยกเลิก
481,Tiffany Stewart,ไม่ยกเลิก
482,Stephanie Wright,ยกเลิก
483,Stacy Sullivan,ไม่ยกเลิก
484,Katherine Garcia,ยกเลิก
485,Toni Rodriguez,ไม่ยกเลิก
486,Jerry Tucker MD,ยกเลิก
487,Amber Lyons,ยกเลิก
488,Angela Gonzalez,ยกเลิก
489,Lisa Gonzalez,ยกเลิก
490,Patricia Edwards,ยกเลิก
491,Deborah Lewis,ยกเลิก
492,Shane Montes,ยกเลิก
493,Amber Ho,ยกเลิก
494,Michael Jimenez,ยกเลิก
495,Ronnie Bell,ยกเลิก
496,Jessica Hunt,ไม่ยกเลิก
497,Patrick Smith,ยกเลิก
498,Samantha Jackson,ยกเลิก
499,David Lamb,ยกเลิก
500,Andrew Jones Jr.,ยกเลิก
501,Rebecca Phillips,ยกเลิก
502,Garrett Miller,ไม่ยกเลิก
503,Jeffrey Robinson,ยกเลิก
504,Robert Shaw,ยกเลิก
505,Sarah Hunt,ยกเลิก
506,Hannah Smith,ยกเลิก
507,Cristina Castillo,ไม่ยกเลิก
508,Michael Petersen,ไม่ยกเลิก
509,Erica Myers,ไม่ยกเลิก
510,Johnny Diaz,ยกเลิก
511,Daniel Cooper,ยกเลิก
512,Linda Winters,ยกเลิก
513,Gary Anderson,ยกเลิก
514,James Lopez,ยกเลิก
515,Steven Ortiz,ยกเลิก
516,Melissa Grant,ไม่ยกเลิก
517,Kimberly Mcdowell,ยกเลิก
518,Sarah Morton,ยกเลิก
519,Aaron Potts,ยกเลิก
520,Jonathan Roberts,ยกเลิก
521,Pamela Beck,ยกเลิก
522,Jennifer Serrano,ไม่ยกเลิก
523,Travis Walker,ยกเลิก
524,Kathryn Parker,ยกเลิก
525,Stacy Griffith,ยกเลิก
526,Robert Miller,ไม่ยกเลิก
527,Cory Price,ไม่ยกเลิก
528,Patrick Thomas,ยกเลิก
529,Deanna Meyer,ยกเลิก
530,Rodney Villarreal,ยกเลิก
531,Anna Brown,ไม่ยกเลิก
532,Hannah Bennett,ไม่ยกเลิก
533,Bruce Johnson,ไม่ยกเลิก
534,Amanda Mullins MD,ยกเลิก
535,Andrea Ramos,ไม่ยกเลิก
536,Bridget Nguyen,ไม่ยกเลิก
537,John Osborne,ยกเลิก
538,Paul Ware,ยกเลิก
539,Laura Schmitt,ยกเลิก
540,Gregory Martin,ไม่ยกเลิก
541,Jason Foley DDS,ยกเลิก
542,Michelle Grant,ไม่ยกเลิก
543,Jose Freeman,ยกเลิก
544,Jean Stephens,ยกเลิก
545,Matthew Joyce,ยกเลิก
546,Corey Mason,ไม่ยกเลิก
547,Andrew Nelson,ยกเลิก
548,Robin Harris,ยกเลิก
549,Russell Martin,ไม่ยกเลิก
550,Todd Kelly,ยกเลิก
551,Tonya English,ยกเลิก
552,Anthony Woods,ยกเลิก
553,Jacob Grant,ยกเลิก
554,Lori Meadows,ยกเลิก
555,Edward Blake,ยกเลิก
556,Juan Sanchez,ยกเลิก
557,Brittany Taylor,ยกเลิก
558,Lori Armstrong DVM,ยกเลิก
559,Jacob Williamson,ยกเลิก
560,Marcus Hardy,ยกเลิก
561,Lori Mcdonald,ยกเลิก
562,Jason Murray,ไม่ยกเลิก
563,Nicolas Johnson,ยกเลิก
564,William Harris,ยกเลิก
565,Rebekah Smith,ไม่ยกเลิก
566,Robert Price,ยกเลิก
567,Olivia Friedman,ยกเลิก
568,Daniel Ross,ไม่ยกเลิก
569,Matthew Berger,ไม่ยกเลิก
570,Logan Miller,ยกเลิก
571,Edwin Francis,ยกเลิก
572,Charles Pratt,ยกเลิก
573,Matthew Palmer,ยกเลิก
574,Erika Robles,ไม่ยกเลิก
575,Hannah Hamilton,ยกเลิก
576,Jeremy Wilcox,ไม่ยกเลิก
577,Jacob Simpson,ยกเลิก
578,Jerry Blevins,ไม่ยกเลิก
579,Anthony Riley,ยกเลิก
580,Dennis Turner,ยกเลิก
581,Michael Hamilton,ยกเลิก
582,Jonathan West,ยกเลิก
583,Michelle Howard PhD,ไม่ยกเลิก
584,Terry Miller,ไม่ยกเลิก
585,Amanda Mcdonald,ยกเลิก
586,Brenda Mccoy,ยกเลิก
587,Sharon Brown,ยกเลิก
588,David Donaldson,ยกเลิก
589,Mrs. Jamie Gay,ยกเลิก
590,Emily Lambert,ยกเลิก
591,Vanessa Anderson,ยกเลิก
592,Katrina Calhoun,ยกเลิก
593,Ryan Hernandez,ยกเลิก
594,Jeffrey Martinez,ยกเลิก
595,Catherine Edwards,ยกเลิก
596,Miguel Grant,ไม่ยกเลิก
597,Andrew Stafford,ยกเลิก
598,Paula Lee,ยกเลิก
599,Kent Robinson,ยกเลิก
600,Danielle Mcdonald,ไม่ยกเลิก
601,Brittany Osborne,ยกเลิก
602,Mr. Brandon Hicks,ยกเลิก
603,Rebecca Deleon,ยกเลิก
604,Angela Patel,ยกเลิก
605,Crystal Diaz,ยกเลิก
606,Cynthia Erickson,ยกเลิก
607,Margaret Graves,ไม่ยกเลิก
608,Suzanne Arias,ยกเลิก
609,Taylor Williams,ไม่ยกเลิก
610,Lindsey Porter,ไม่ยกเลิก
611,Shawna Gomez,ยกเลิก
612,Holly Brown,ยกเลิก
613,Alice Mccall,ยกเลิก
614,Karen Joseph,ยกเลิก
615,Darlene Rice,ยกเลิก
616,Shawn Kennedy,ยกเลิก
617,Stacie Khan,ไม่ยกเลิก
618,Joshua Skinner,ยกเลิก
619,Laura Cox,ยกเลิก
620,Robin Mitchell,ยกเลิก
621,Jennifer Flores,ยกเลิก
622,Francisco Ayala,ยกเลิก
623,Jill Reynolds,ยกเลิก
624,James Tate DVM,ยกเลิก
625,Christina Fox,ไม่ยกเลิก
626,Mary Allen,ไม่ยกเลิก
627,Joshua Walker,ยกเลิก
628,Tonya Obrien,ยกเลิก
629,Kevin Hopkins,ไม่ยกเลิก
630,Bianca Bauer,ยกเลิก
631,Charles Ochoa,ยกเลิก
632,Luke Porter,ยกเลิก
633,Sheila Austin,ยกเลิก
634,Breanna Lopez,ไม่ยกเลิก
635,Steven Taylor,ยกเลิก
636,Maria Watkins,ยกเลิก
637,Jessica Ashley,ไม่ยกเลิก
638,Nancy Walls,ยกเลิก
639,Misty Jones,ยกเลิก
640,Jessica Byrd,ยกเลิก
641,Melissa Adams,ยกเลิก
642,Kristin White,ยกเลิก
643,Melissa Jarvis,ยกเลิก
644,Douglas Mann,ยกเลิก
645,Mark Gordon,ยกเลิก
646,Tammy White,ยกเลิก
647,Jacob Brown,ไม่ยกเลิก
648,Rebecca Fuller,ยกเลิก
649,David Blankenship,ยกเลิก
650,Matthew Cooper,ไม่ยกเลิก
651,Kim Smith,ไม่ยกเลิก
652,Jeffrey Kelly,ยกเลิก
653,Pamela Johnson,ยกเลิก
654,Todd Thompson,ไม่ยกเลิก
655,Stephanie Wheeler,ยกเลิก
656,Janet Hernandez,ยกเลิก
657,Catherine Murray,ยกเลิก
658,Mark Jenkins,ยกเลิก
659,Sandra Herman,ยกเลิก
660,Julie Camacho,ยกเลิก
661,Mrs. Lisa Manning,ยกเลิก
662,Tony Monroe,ไม่ยกเลิก
663,Kathleen Jones,ไม่ยกเลิก
664,Jill Jennings,ยกเลิก
665,Cody Hodges,ยกเลิก
666,George Richardson Jr.,ยกเลิก
667,Daniel Smith,ยกเลิก
668,Jennifer Skinner,ไม่ยกเลิก
669,Haley Thompson,ไม่ยกเลิก
670,Pamela Huber,ไม่ยกเลิก
671,Anne Horn,ยกเลิก
672,Jack Summers,ไม่ยกเลิก
673,Ryan Costa PhD,ยกเลิก
674,Gary Olson,ไม่ยกเลิก
675,Anthony Olson,ยกเลิก
676,Glenn Stein,ยกเลิก
677,Mark Jackson,ไม่ยกเลิก
678,Christopher Stuart,ยกเลิก
679,Andrew Rivera,ยกเลิก
680,Dustin Phillips,ยกเลิก
681,Shawn Jimenez,ยกเลิก
682,Austin Escobar,ไม่ยกเลิก
683,Michele Potts,ไม่ยกเลิก
684,William Crosby,ยกเลิก
685,Matthew Mckee,ไม่ยกเลิก
686,Bailey Salazar,ยกเลิก
687,Ariel Nguyen,ยกเลิก
688,Sandra Chavez,ยกเลิก
689,Sheila Juarez,ยกเลิก
690,Isaac Smith,ยกเลิก
691,John Jarvis,ยกเลิก
692,Mike Walls,ไม่ยกเลิก
693,Jeremy Aguirre,ยกเลิก
694,Brittany Johnston,ไม่ยกเลิก
695,Valerie Rodriguez,ยกเลิก
696,Nancy Hoffman,ไม่ยกเลิก
697,John Gilbert,ยกเลิก
698,Jason Willis,ยกเลิก
699,Jennifer Collins,ไม่ยกเลิก
700,Tommy Gonzalez,ยกเลิก
701,Brittany Johnson,ไม่ยกเลิก
702,John Williams,ยกเลิก
703,Brandon Jones,ไม่ยกเลิก
704,James Chavez,ยกเลิก
705,Jeffrey Nicholson,ยกเลิก
706,Tanya Bryant,ไม่ยกเลิก
707,Melissa Hicks,ยกเลิก
708,Alex Norris,ยกเลิก
709,Sean Wells,ยกเลิก
710,Michael Stewart,ไม่ยกเลิก
711,Paula Barber,ไม่ยกเลิก
712,Gregory Church,ไม่ยกเลิก
713,Mary Murray,ไม่ยกเลิก
714,Jessica Young,ไม่ยกเลิก
715,Jennifer Brown,ไม่ยกเลิก
716,Olivia Garcia,ไม่ยกเลิก
717,John Coleman,ไม่ยกเลิก
718,Daniel Perry,ไม่ยกเลิก
719,Steven Price,ไม่ยกเลิก
720,Emily Riley,ไม่ยกเลิก
721,Jacqueline Rojas,ยกเลิก
722,Jennifer Berg,ยกเลิก
723,Amanda Rogers,ไม่ยกเลิก
724,Jeffrey Smith,ยกเลิก
725,Claire May,ยกเลิก
726,Thomas Griffin,ยกเลิก
727,Dustin Pugh,ยกเลิก
728,Molly Martinez,ยกเลิก
729,Krista Stanley,ยกเลิก
730,Cynthia White,ยกเลิก
731,Jennifer Garcia,ยกเลิก
732,Rachel Hodge,ยกเลิก
733,Janet Griffin,ยกเลิก
734,John Phillips,ยกเลิก
735,Michelle Roman,ยกเลิก
736,Michael White,ไม่ยกเลิก
737,Brandon Parker,ยกเลิก
738,Sarah Perry,ยกเลิก
739,Thomas Weaver,ไม่ยกเลิก
740,Marcus Ramirez,ไม่ยกเลิก
741,John Williams,ยกเลิก
742,Belinda Miller,ไม่ยกเลิก
743,Courtney Perez,ยกเลิก
744,Wendy Miller,ยกเลิก
745,Daniel Williams,ยกเลิก
746,Morgan Williams,ไม่ยกเลิก
747,Karen Taylor,ยกเลิก
748,Kayla Stone,ไม่ยกเลิก
749,Christopher Lawrence,ยกเลิก
750,Madison Valentine,ยกเลิก
751,Angela Pacheco,ไม่ยกเลิก
752,Mary Thompson,ไม่ยกเลิก
753,Alexis Sullivan,ไม่ยกเลิก
754,Richard Jackson,ไม่ยกเลิก
755,James Bradley,ยกเลิก
756,Jill Johnson,ยกเลิก
757,Oscar Robinson,ไม่ยกเลิก
758,Marilyn Holland,ยกเลิก
759,Robert Dudley,ไม่ยกเลิก
760,Janet Walsh,ไม่ยกเลิก
761,Taylor Thompson,ยกเลิก
762,Erin Walker,ไม่ยกเลิก
763,Veronica Yang,ยกเลิก
764,Katherine Clark,ยกเลิก
765,Danielle Glass,ไม่ยกเลิก
766,Michelle Buchanan,ไม่ยกเลิก
767,Joseph Payne,ยกเลิก
768,Luke Taylor,ยกเลิก
769,Krystal Davis,ไม่ยกเลิก
770,Jeffrey Wall,ไม่ยกเลิก
771,Thomas Hanna,ไม่ยกเลิก
772,Raymond Spencer,ไม่ยกเลิก
773,Kara Wade,ยกเลิก
774,Kevin Ramirez,ยกเลิก
775,David Carter,ยกเลิก
776,Kristen Johnson,ไม่ยกเลิก
777,Chad Miller,ยกเลิก
778,Gina Young,ไม่ยกเลิก
779,Becky Coleman,ยกเลิก
780,Melinda Robinson,ยกเลิก
781,Samantha Walsh,ยกเลิก
782,Lisa Howard,ยกเลิก
783,Joshua Hill,ยกเลิก
784,Christopher Washington,ยกเลิก
785,Rebecca Gutierrez,ไม่ยกเลิก
786,Willie Meyers,ยกเลิก
787,Kerry Cox,ยกเลิก
788,Tiffany Mitchell MD,ไม่ยกเลิก
789,Tracy Murray,ยกเลิก
790,Heather Singh,ไม่ยกเลิก
791,Alexander Camacho,ไม่ยกเลิก
792,David Fischer,ยกเลิก
793,William Riggs,ยกเลิก
794,Edward Richmond,ไม่ยกเลิก
795,Dana Brady,ยกเลิก
796,William Rowe,ไม่ยกเลิก
797,Natalie Norton,ไม่ยกเลิก
798,David Martin,ยกเลิก
799,Michael Nguyen,ยกเลิก
800,Tara Jones,ไม่ยกเลิก
801,Brandy Wilson,ยกเลิก
802,Daniel Guzman,ยกเลิก
803,Jessica Powell,ไม่ยกเลิก
804,Nathan Nguyen,ไม่ยกเลิก
805,Cynthia Howell,ยกเลิก
806,Albert Robinson,ไม่ยกเลิก
807,Heather Hawkins,ไม่ยกเลิก
808,Brittney Martinez,ยกเลิก
809,David Oconnor,ไม่ยกเลิก
810,Gerald Webb,ไม่ยกเลิก
811,William Garrison,ยกเลิก
812,Jose Smith,ยกเลิก
813,Alicia Sandoval,ไม่ยกเลิก
814,Ashley Holder,ยกเลิก
815,Keith Vazquez,ยกเลิก
816,William Sanchez,ไม่ยกเลิก
817,Lindsay Nelson,ไม่ยกเลิก
818,Elizabeth White,ไม่ยกเลิก
819,Erica Perry,ไม่ยกเลิก
820,Howard Torres,ไม่ยกเลิก
821,Stephanie Carlson,ยกเลิก
822,Christopher Gordon,ยกเลิก
823,David Santos,ยกเลิก
824,Vanessa Diaz,ยกเลิก
825,Laurie Bennett,ยกเลิก
826,Benjamin Miller,ยกเลิก
827,Steven Alvarado,ยกเลิก
828,Melvin Rodgers,ยกเลิก
829,Jennifer Simon,ไม่ยกเลิก
830,Kevin Nelson,ยกเลิก
831,Dylan Simpson,ไม่ยกเลิก
832,Amanda Chapman,ไม่ยกเลิก
833,Angela Yang,ไม่ยกเลิก
834,Javier Ali,ไม่ยกเลิก
835,Jonathon Phillips,ยกเลิก
836,Maria Baker,ไม่ยกเลิก
837,Jillian Ford,ยกเลิก
838,Debra Williams,ไม่ยกเลิก
839,Andrew Barry Jr.,ไม่ยกเลิก
840,Margaret Garrett,ยกเลิก
841,Christopher Avila,ไม่ยกเลิก
842,Richard Nguyen,ไม่ยกเลิก
843,John Anderson,ยกเลิก
844,Timothy George,ไม่ยกเลิก
845,Casey Friedman,ไม่ยกเลิก
846,Charlene Keller,ยกเลิก
847,Karen Thomas,ไม่ยกเลิก
848,Alicia Bowman,ยกเลิก
849,Jessica Daniels,ไม่ยกเลิก
850,Heather Campbell,ไม่ยกเลิก
851,Jennifer Warren,ไม่ยกเลิก
852,Scott Hughes,ยกเลิก
853,Joseph Sanchez,ยกเลิก
854,Danielle Tran,ไม่ยกเลิก
855,Rebecca Parker,ยกเลิก
856,Melissa Turner,ยกเลิก
857,Christopher Day,ไม่ยกเลิก
858,Amber Riley,ไม่ยกเลิก
859,Phyllis Green,ไม่ยกเลิก
860,Denise Rodriguez,ไม่ยกเลิก
861,Terry Murphy,ไม่ยกเลิก
862,Dr. Scott Smith,ไม่ยกเลิก
863,Debra Lopez,ไม่ยกเลิก
864,Brandon King,ไม่ยกเลิก
865,Dillon Hines,ไม่ยกเลิก
866,Andrea Gonzalez,ไม่ยกเลิก
867,Charles Reed,ยกเลิก
868,Melissa Davies,ไม่ยกเลิก
869,Joseph Smith,ไม่ยกเลิก
870,Ernest Jackson,ไม่ยกเลิก
871,Michelle Curtis,ไม่ยกเลิก
872,Lucas Ruiz,ไม่ยกเลิก
873,Marilyn Simpson,ไม่ยกเลิก
874,Jeffrey Hansen,ไม่ยกเลิก
875,Casey Bush,ไม่ยกเลิก
876,Brian Smith,ไม่ยกเลิก
877,Shawn Long,ไม่ยกเลิก
878,Linda Dixon,ไม่ยกเลิก
879,Melanie Long,ไม่ยกเลิก
880,Michelle Sanchez,ไม่ยกเลิก
881,Joe Ruiz,ไม่ยกเลิก
882,Matthew Bowman III,ไม่ยกเลิก
883,Charles Johnson,ไม่ยกเลิก
884,Heather Henry,ไม่ยกเลิก
885,Brittany Ward,ไม่ยกเลิก
886,Robert Rodgers,ไม่ยกเลิก
887,Michelle Harris,ไม่ยกเลิก
888,Bradley Jones,ไม่ยกเลิก
889,Kayla Myers,ไม่ยกเลิก
890,Joann Soto,ไม่ยกเลิก
891,Sherri Schneider,ไม่ยกเลิก
892,Joshua Davis,ไม่ยกเลิก
893,Robert Avery,ไม่ยกเลิก
894,Mark Brown,ไม่ยกเลิก
895,Bethany Benton,ไม่ยกเลิก
896,Gina Carson,ไม่ยกเลิก
897,Katherine Black,ไม่ยกเลิก
898,Chelsea Berry,ไม่ยกเลิก
899,Scott Clayton,ไม่ยกเลิก
900,Pamela Ferguson,ยกเลิก
901,Brenda Elliott,ยกเลิก
902,Julia Montgomery,ยกเลิก
903,Stephanie Sparks,ไม่ยกเลิก
904,Maureen Lee,ไม่ยกเลิก
905,Richard Aguilar,ไม่ยกเลิก
906,Jessica Norton,ไม่ยกเลิก
907,Charles Weber,ยกเลิก
908,Brittany Stuart,ยกเลิก
909,Mark Nelson,ยกเลิก
910,Michael Montes,ไม่ยกเลิก
911,Shelby Carey,ยกเลิก
912,Jack Wood,ไม่ยกเลิก
913,Jeff Clark,ไม่ยกเลิก
914,Matthew Miller,ยกเลิก
915,Dana Morris,ไม่ยกเลิก
916,Rebecca Singleton,ไม่ยกเลิก
917,Lori Page,ไม่ยกเลิก
918,Angela Wood,ไม่ยกเลิก
919,Mr. Joshua Alvarez PhD,ไม่ยกเลิก
920,Scott Boyer,ยกเลิก
921,Christina Gomez,ไม่ยกเลิก
922,Tammy Schneider,ไม่ยกเลิก
923,Joseph Carpenter,ไม่ยกเลิก
924,Kimberly Clark,ยกเลิก
925,Krystal Johnson,ไม่ยกเลิก
926,Don Rodriguez,ไม่ยกเลิก
927,Laurie Wilson,ยกเลิก
928,Curtis Johnson,ยกเลิก
929,Samantha White,ไม่ยกเลิก
930,Kevin Johnson,ยกเลิก
931,Ruth Richmond,ไม่ยกเลิก
932,Thomas Williams,ไม่ยกเลิก
933,Tracy Garcia,ยกเลิก
934,Anthony Hayes,ยกเลิก
935,Elizabeth Casey,ยกเลิก
936,Jeffrey Hebert,ยกเลิก
937,Christopher Harris,ยกเลิก
938,Bryan Herman,ยกเลิก
939,Larry Bailey,ไม่ยกเลิก
940,Denise Melendez,ไม่ยกเลิก
941,Brian Bush,ไม่ยกเลิก
942,Austin Goodman,ไม่ยกเลิก
943,Stephanie Johnson,ไม่ยกเลิก
944,Juan Grant,ยกเลิก
945,Stephanie Jenkins,ไม่ยกเลิก
946,Mark Butler,ยกเลิก
947,Bailey Ramirez,ยกเลิก
948,Jasmine Zuniga,ยกเลิก
949,Bobby Moore Jr.,ยกเลิก
950,Jason Andrews,ไม่ยกเลิก
951,Jessica Sampson,ยกเลิก
952,Elizabeth Vasquez,ยกเลิก
953,Steven Lopez,ไม่ยกเลิก
954,Matthew Little,ไม่ยกเลิก
955,Morgan Taylor,ยกเลิก
956,Heather Cooper,ไม่ยกเลิก
957,Amy Washington,ไม่ยกเลิก
958,Alexa Barrett,ยกเลิก
959,Renee Smith,ไม่ยกเลิก
960,Vanessa Smith,ไม่ยกเลิก
961,Mark Reed,ไม่ยกเลิก
962,Ronald Dunlap,ไม่ยกเลิก
963,Vanessa Brown,ไม่ยกเลิก
964,Zachary Phillips,ไม่ยกเลิก
965,Susan Everett,ไม่ยกเลิก
966,Victoria Snyder,ยกเลิก
967,Roy Cunningham,ไม่ยกเลิก
968,Alexandra Garrett,ยกเลิก
969,Catherine Garcia,ไม่ยกเลิก
970,Amanda Jones,ไม่ยกเลิก
971,Tracy Wong,ไม่ยกเลิก
972,Elizabeth Wood,ไม่ยกเลิก
973,Christopher Pham,ไม่ยกเลิก
974,Bridget Yu,ยกเลิก
975,Lawrence Ross,ยกเลิก
976,Glenn Wells,ไม่ยกเลิก
977,Robert Hawkins,ไม่ยกเลิก
978,Gregory Walker,ไม่ยกเลิก
979,Jennifer Mendoza,ไม่ยกเลิก
980,Megan Walker,ยกเลิก
981,Kristine Yoder,ไม่ยกเลิก
982,Kevin Thornton,ยกเลิก
983,Angela Garcia,ยกเลิก
984,Alexis Paul,ยกเลิก
985,William House,ยกเลิก
986,Joseph Gutierrez,ไม่ยกเลิก
987,Michael Hampton,ไม่ยกเลิก
988,Richard Jones,ยกเลิก
989,Alexis Waller,ไม่ยกเลิก
990,Erik Freeman,ไม่ยกเลิก
991,Sharon Price,ไม่ยกเลิก
992,Kristin Keith,ยกเลิก
993,Sarah Sanchez,ไม่ยกเลิก
994,Zachary Allen,ยกเลิก
995,Melanie Richards,ไม่ยกเลิก
996,Rhonda Richards,ยกเลิก
997,Jane Gray,ยกเลิก
998,Sandy Page,ไม่ยกเลิก
999,Julia Collier,ไม่ยกเลิก
1000,Amy Carson,ยกเลิก
1001,Antonio Dougherty,ยกเลิก
1002,Nathan Martin,ไม่ยกเลิก
1003,Cody Roman,ไม่ยกเลิก
1004,Christian Tanner,ยกเลิก
1005,Karen Glenn,ยกเลิก
1006,Brandon Dickerson,ไม่ยกเลิก
1007,Jordan Grant,ยกเลิก
1008,Ricardo Salinas,ไม่ยกเลิก
1009,Kathryn Mcdaniel,ยกเลิก
1010,Matthew Roach,ไม่ยกเลิก
1011,Mitchell Lopez,ยกเลิก
1012,Keith Wood,ไม่ยกเลิก
1013,Eric Adams,ไม่ยกเลิก
1014,Steven Taylor,ไม่ยกเลิก
1015,Jared Carrillo,ไม่ยกเลิก
1016,Nancy Brown,ยกเลิก
1017,Mr. Michael Smith MD,ยกเลิก
1018,Chloe Coleman,ยกเลิก
1019,Lauren Vazquez,ไม่ยกเลิก
1020,Christine Nelson,ไม่ยกเลิก
1021,Alexander Simpson,ยกเลิก
1022,Ryan Vargas,ไม่ยกเลิก
1023,Mathew Perez,ยกเลิก
1024,Eric Rice,ยกเลิก
1025,Richard Pennington,ไม่ยกเลิก
1026,Kaitlin Watson,ไม่ยกเลิก
1027,Thomas Hamilton,ไม่ยกเลิก
1028,Brittney Manning,ไม่ยกเลิก
1029,Megan Johnson,ไม่ยกเลิก
1030,Katherine Thomas,ไม่ยกเลิก
1031,Antonio Briggs,ยกเลิก
1032,Eric Smith,ไม่ยกเลิก
1033,Kristen Carson,ยกเลิก
1034,Amber Scott,ไม่ยกเลิก
1035,Anna Mitchell,ยกเลิก
1036,Chloe Scott,ไม่ยกเลิก
1037,John Williams,ยกเลิก
1038,Jose Watson,ไม่ยกเลิก
1039,Victor Hunt,ยกเลิก
1040,Amy Phelps,ไม่ยกเลิก
1041,Donna Howard,ยกเลิก
1042,Sarah Ramirez,ยกเลิก
1043,Rebekah Pineda,ยกเลิก
1044,Shannon Atkinson,ยกเลิก
1045,Bryan Jensen,ไม่ยกเลิก
1046,Derrick Rodriguez,ยกเลิก
1047,Jeffery Simmons,ไม่ยกเลิก
1048,Maureen Larsen,ยกเลิก
1049,Russell Nguyen,ยกเลิก
1050,Stephen Hood,ยกเลิก
1051,Sarah Griffith,ยกเลิก
1052,Christina Smith,ยกเลิก
1053,Zachary Stanley,ไม่ยกเลิก
1054,Joe Tucker,ยกเลิก
1055,Eric Phelps,ไม่ยกเลิก
1056,Shirley Juarez,ยกเลิก
1057,Jesus Lin,ไม่ยกเลิก
1058,Sandra Schroeder,ยกเลิก
1059,Jason Gilmore,ยกเลิก
1060,Elizabeth Hughes,ยกเลิก
1061,Danielle Martin,ไม่ยกเลิก
1062,John Norris,ไม่ยกเลิก
1063,Luke Mitchell,ยกเลิก
1064,George Mendoza,ยกเลิก
1065,Michael Reid,ไม่ยกเลิก
1066,Taylor Kane,ไม่ยกเลิก
1067,Derek Villegas,ยกเลิก
1068,Christopher Carlson,ไม่ยกเลิก
1069,David Howard,ไม่ยกเลิก
1070,Joyce Smith MD,ไม่ยกเลิก
1071,Anna Moon,ยกเลิก
1072,Jennifer Booth,ไม่ยกเลิก
1073,James Johnson,ยกเลิก
1074,Gregory Wright,ยกเลิก
1075,Shelby Gutierrez,ยกเลิก
1076,Ashley Weber,ยกเลิก
1077,Joshua White,ยกเลิก
1078,Jasmine Martin,ยกเลิก
1079,Paula Sharp,ยกเลิก
1080,Mr. Trevor Hines MD,ยกเลิก
1081,Jessica Garza,ไม่ยกเลิก
1082,Elizabeth Simpson,ยกเลิก
1083,Emily Miller,ยกเลิก
1084,Richard Powers,ไม่ยกเลิก
1085,Mrs. Courtney Dunlap,ยกเลิก
1086,Evelyn Shepherd,ยกเลิก
1087,Tyler Hughes,ยกเลิก
1088,Sarah Anderson,ไม่ยกเลิก
1089,John Simmons,ยกเลิก
1090,Jenny Collier,ยกเลิก
1091,Jessica Miller,ยกเลิก
1092,Bobby Jenkins,ยกเลิก
1093,Russell Huff,ยกเลิก
1094,Erin Little,ไม่ยกเลิก
1095,Suzanne Thompson,ไม่ยกเลิก
1096,Ronald Morgan,ยกเลิก
1097,Jeffrey Johnson,ไม่ยกเลิก
1098,Taylor Hill,ยกเลิก
1099,Ann Harrison,ยกเลิก
1100,Evan Hunt,ยกเลิก
1101,Austin Jensen,ไม่ยกเลิก
1102,David Miller,ยกเลิก
1103,Kenneth Pittman,ยกเลิก
1104,Thomas Bradford,ยกเลิก
1105,April Davidson,ไม่ยกเลิก
1106,Barbara Mitchell,ไม่ยกเลิก
1107,Michelle Green,ยกเลิก
1108,Pamela Mendoza,ไม่ยกเลิก
1109,Eddie Cole,ไม่ยกเลิก
1110,Lisa Hubbard,ไม่ยกเลิก
1111,Elizabeth Kramer,ไม่ยกเลิก
1112,Michelle Murphy,ไม่ยกเลิก
1113,Joseph Anderson,ยกเลิก
1114,Sarah Mcknight,ไม่ยกเลิก
1115,Maria Hensley,ยกเลิก
1116,Cole Martinez,ยกเลิก
1117,Sonya Young,ไม่ยกเลิก
1118,Robert Jones,ยกเลิก
1119,Jonathan Molina,ยกเลิก
1120,Roger Gonzalez,ยกเลิก
1121,Tina Velez,ยกเลิก
1122,Holly Mccarthy,ยกเลิก
1123,Samuel Stephens,ยกเลิก
1124,Elaine Foster,ยกเลิก
1125,Matthew Jones,ไม่ยกเลิก
1126,Raymond Smith,ไม่ยกเลิก
1127,Mark Barnes,ยกเลิก
1128,Lindsey Freeman,ยกเลิก
1129,Gina Morales,ยกเลิก
1130,Aaron Mcdonald,ไม่ยกเลิก
1131,Michelle Stevens,ไม่ยกเลิก
1132,Corey Sanchez,ไม่ยกเลิก
1133,Rebecca Parsons,ยกเลิก
1134,Susan Sullivan,ยกเลิก
1135,Angel Stewart,ยกเลิก
1136,Virginia Bradshaw,ยกเลิก
1137,Leslie Sanchez,ไม่ยกเลิก
1138,Beverly Taylor,ยกเลิก
1139,Jorge Cunningham,ไม่ยกเลิก
1140,Samantha Mccoy,ยกเลิก
1141,Mark Ray,ไม่ยกเลิก
1142,Aaron Hernandez,ยกเลิก
1143,Daniel Caldwell,ยกเลิก
1144,Elizabeth Brown,ยกเลิก
1145,Taylor Adkins,ไม่ยกเลิก
1146,Devin Taylor,ยกเลิก
1147,Janet Williams,ยกเลิก
1148,Johnathan Duncan,ยกเลิก
1149,Michelle Moore,ยกเลิก
1150,John Rogers,ไม่ยกเลิก
1151,Brent Vazquez,ยกเลิก
1152,Elijah Price,ไม่ยกเลิก
1153,Scott Brown,ยกเลิก
1154,Marissa Alvarado,ยกเลิก
1155,Breanna Johnson,ยกเลิก
1156,Jonathan Mitchell,ไม่ยกเลิก
1157,Linda Williams,ไม่ยกเลิก
1158,Mark Edwards,ยกเลิก
1159,James Williams,ยกเลิก
1160,William Herrera,ไม่ยกเลิก
1161,William Flores,ยกเลิก
1162,Carol Frye,ยกเลิก
1163,Cassandra Eaton,ยกเลิก
1164,Daniel Ryan,ไม่ยกเลิก
1165,Isaac Walker,ยกเลิก
1166,Amy Phillips,ยกเลิก
1167,Diane Campbell,ยกเลิก
1168,Dr. Jerry Frazier Jr.,ยกเลิก
1169,Jason Myers,ยกเลิก
1170,Paul Travis,ยกเลิก
1171,Teresa Hudson,ยกเลิก
1172,Jorge Ward,ยกเลิก
1173,Meredith Fleming,ยกเลิก
1174,Michelle Cabrera,ยกเลิก
1175,Michael Lewis,ยกเลิก
1176,Chad Young,ยกเลิก
1177,Richard Thornton,ยกเลิก
1178,David Velez,ยกเลิก
1179,Jason Scott,ยกเลิก
1180,Nathan Butler,ยกเลิก
1181,Willie Dougherty,ยกเลิก
1182,Kristen Stanton,ยกเลิก
1183,Linda Gutierrez,ยกเลิก
1184,Melissa George,ยกเลิก
1185,Amanda Clarke,ยกเลิก
1186,James Stone,ยกเลิก
1187,Karen Bailey,ยกเลิก
1188,Kevin Flores,ยกเลิก
1189,Charles Mills,ยกเลิก
1190,Lisa Hansen,ยกเลิก
1191,Margaret Johnson,ยกเลิก
1192,Sabrina Reed,ยกเลิก
1193,Anna Harrison,ยกเลิก
1194,Victor Johnson,ยกเลิก
1195,Mrs. Kiara Goodman,ยกเลิก
1196,David Hall,ยกเลิก
1197,Jeremy Fisher,ยกเลิก
1198,Spencer Davis,ยกเลิก
1199,Johnny Stephens,ยกเลิก
1200,Ashley Adams,ยกเลิก
1201,Dave Leach,ยกเลิก
1202,Allison Shelton,ยกเลิก
1203,Jonathan Wise,ยกเลิก
1204,Katelyn Mcmillan,ยกเลิก
1205,Judith Carroll,ยกเลิก
1206,Brenda Webb,ยกเลิก
1207,Jennifer Hardy,ยกเลิก
1208,Morgan Brown,ยกเลิก
1209,Scott Johnston,ยกเลิก
1210,Kristen Williams,ยกเลิก
1211,Crystal Orr,ยกเลิก
1212,Alejandra Sullivan,ยกเลิก
1213,Christy Sandoval,ยกเลิก
1214,Darlene Reynolds,ยกเลิก
1215,Edward George,ยกเลิก
1216,Ryan Guerrero,ยกเลิก
1217,Philip Mata,ยกเลิก
1218,Maria Carter,ยกเลิก
1219,Samuel Harrington,ยกเลิก
1220,Jason Smith,ยกเลิก
1221,Tyler Frey,ยกเลิก
1222,Adam Rogers,ยกเลิก
1223,Norman Cunningham,ยกเลิก
1224,Tara Hunter,ยกเลิก
1225,Tyler Klein,ยกเลิก
1226,Henry Lawrence,ยกเลิก
1227,Joseph Dillon,ยกเลิก
1228,Paul Williams,ยกเลิก
1229,Katherine Long,ยกเลิก
1230,Courtney Gomez,ยกเลิก
1231,Erika Jones,ยกเลิก
1232,Heather Benson,ไม่ยกเลิก
1233,David King,ยกเลิก
1234,Tanya Forbes,ยกเลิก
1235,Rebecca Logan,ยกเลิก
1236,Tony Johnson,ยกเลิก
1237,Matthew Johnson PhD,ยกเลิก
1238,Judith Clements,ไม่ยกเลิก
1239,Tara Bishop,ยกเลิก
1240,Rachael Smith,ยกเลิก
1241,Thomas Boyd,ยกเลิก
1242,David Nelson,ยกเลิก
1243,Anna Perkins,ยกเลิก
1244,Dakota Dixon,ยกเลิก
1245,Rachel Snyder,ยกเลิก
1246,Laura Flores,ยกเลิก
1247,Lori Hughes,ยกเลิก
1248,Hailey Douglas,ยกเลิก
1249,Richard Gonzalez,ไม่ยกเลิก
1250,Johnny Franklin,ยกเลิก
1251,David Romero,ยกเลิก
1252,Richard Archer,ยกเลิก
1253,James Bailey,ยกเลิก
1254,James Medina,ยกเลิก
1255,Jessica Weaver,ยกเลิก
1256,Sandra Adams,ยกเลิก
1257,James Flynn,ยกเลิก
1258,Madison Ochoa,ยกเลิก
1259,Joshua Wright,ยกเลิก
1260,Ms. Amy Park,ยกเลิก
1261,Amy Smith,ยกเลิก
1262,Katherine Taylor,ยกเลิก
1263,Holly Hernandez,ยกเลิก
1264,Jessica Wallace,ยกเลิก
1265,Mr. Ruben Harris MD,ยกเลิก
1266,Kenneth Morales,ยกเลิก
1267,Teresa Garcia,ยกเลิก
1268,Kelly Ward,ยกเลิก
1269,Heather Rodriguez,ยกเลิก
1270,Alejandra Glass,ยกเลิก
1271,Edward Brown,ยกเลิก
1272,Steven Ortiz,ยกเลิก
1273,Jennifer Reid,ยกเลิก
1274,Tiffany Wright,ไม่ยกเลิก
1275,Michael Chavez,ไม่ยกเลิก
1276,Allison Williams,ยกเลิก
1277,Hannah Martinez,ยกเลิก
1278,Nichole Scott,ยกเลิก
1279,Michelle Jackson,ยกเลิก
1280,Michelle Gomez,ยกเลิก
1281,Christian Carr,ไม่ยกเลิก
1282,Jessica Bowman,ยกเลิก
1283,Anthony Figueroa,ยกเลิก
1284,Rebecca Howard,ยกเลิก
1285,Chelsea Kelly,ยกเลิก
1286,James Graham,ยกเลิก
1287,Carlos Guzman,ยกเลิก
1288,Crystal Garcia,ยกเลิก
1289,James Barnes,ไม่ยกเลิก
1290,Stanley Weber,ยกเลิก
1291,Barry Parker,ยกเลิก
1292,Joan Martinez,ยกเลิก
1293,Brenda Gonzalez,ยกเลิก
1294,Elijah Newman,ไม่ยกเลิก
1295,Rhonda Smith,ยกเลิก
1296,Jessica Todd,ยกเลิก
1297,Paige Williams,ยกเลิก
1298,Briana Miller,ยกเลิก
1299,William Burns,ยกเลิก
1300,Pamela Brown,ยกเลิก
1301,Carlos Wong,ยกเลิก
1302,Steven Watkins MD,ยกเลิก
1303,Karen Crawford,ยกเลิก
1304,Roberto Hensley,ยกเลิก
1305,Melinda Gray,ยกเลิก
1306,Gabrielle Turner,ยกเลิก
1307,Melissa Pollard,ยกเลิก
1308,Elizabeth Li,ยกเลิก
1309,William Patterson,ยกเลิก
1310,Valerie Flowers,ยกเลิก
1311,Bobby Robinson,ยกเลิก
1312,John Morris,ยกเลิก
1313,Alexandra Rodriguez,ยกเลิก
1314,Jacqueline Davis,ยกเลิก
1315,Melissa Hernandez,ยกเลิก
1316,Steven Weaver,ยกเลิก
1317,Michael Bernard,ไม่ยกเลิก
1318,Margaret Cervantes,ยกเลิก
1319,Karen Mills,ยกเลิก
1320,Michael Barnes,ยกเลิก
1321,Jacqueline Swanson,ไม่ยกเลิก
1322,Amanda Green,ยกเลิก
1323,Lindsay Hayes,ยกเลิก
1324,Darryl Brown,ยกเลิก
1325,Jonathan Walker,ยกเลิก
1326,Patricia Brown,ยกเลิก
1327,Michael Holder,ยกเลิก
1328,Terry Ryan,ยกเลิก
1329,John Skinner,ยกเลิก
1330,Victor Matthews,ยกเลิก
1331,Margaret Mitchell,ยกเลิก
1332,Deborah Powell,ยกเลิก
1333,Sarah Tucker,ไม่ยกเลิก
1334,Carrie Hines,ยกเลิก
1335,Brent Mckenzie,ไม่ยกเลิก
1336,Ashley Alexander,ยกเลิก
1337,Kevin Nguyen,ยกเลิก
1338,Faith Becker,ยกเลิก
1339,Benjamin Stein,ยกเลิก
1340,Heather Jones,ยกเลิก
1341,Leslie Webb,ยกเลิก
1342,Aaron Barron,ยกเลิก
1343,Jill Moore,ยกเลิก
1344,Miss Rebecca Mahoney MD,ไม่ยกเลิก
1345,Mackenzie White,ไม่ยกเลิก
1346,Tyler Buchanan,ไม่ยกเลิก
1347,Rachel Williams,ไม่ยกเลิก
1348,Nicholas Contreras,ไม่ยกเลิก
1349,Pamela Velasquez,ไม่ยกเลิก
1350,Courtney Nelson,ยกเลิก
1351,Alexandra Scott,ไม่ยกเลิก
1352,Derek Smith DDS,ยกเลิก
1353,Kelly Cline,ยกเลิก
1354,Kaylee Joseph,ยกเลิก
1355,Jonathan Pierce,ยกเลิก
1356,Andrea Price,ยกเลิก
1357,Bradley Bell,ยกเลิก
1358,Gregory Lopez,ไม่ยกเลิก
1359,Amanda Kim,ไม่ยกเลิก
1360,John Russell,ยกเลิก
1361,Danielle Curry,ยกเลิก
1362,Jose Potter,ยกเลิก
1363,Elizabeth Barron,ไม่ยกเลิก
1364,Michael Orr,ยกเลิก
1365,Robert Ortiz,ยกเลิก
1366,Scott Thomas,ไม่ยกเลิก
1367,Kara Jones,ยกเลิก
1368,Laura Chen,ไม่ยกเลิก
1369,Rachel Petersen,ไม่ยกเลิก
1370,Roger Turner,ยกเลิก
1371,Kelly Johnson,ยกเลิก
1372,Lisa Roberts,ยกเลิก
1373,Andrew Perry,ไม่ยกเลิก
1374,Luis Daniel MD,ไม่ยกเลิก
1375,Brandon Robles,ยกเลิก
1376,Rebecca Allen,ยกเลิก
1377,Michael Hood,ยกเลิก
1378,Christopher Fox,ไม่ยกเลิก
